first_name,last_name,email,username,password,manager_id
Benson,Turk,bturk0@businesswire.com,bturk0,$2a$04$I/qQwYiY8fp3hFaDPGV4WezLdMV20Lof3.COJV4cgS5Pqd1q5q7qu,1
Jillian,Ruggieri,jruggieri1@hexun.com,jruggieri1,$2a$04$VyUDvnfg/zNnp3tULNfnJuB/.N9KqHltBK97AlWfU7ucsx93YyOva,2
Basile,Collimore,bcollimore2@phpbb.com,bcollimore2,$2a$04$CX.W9gSBNOXkJvePf0Pxj.OcmBeQ4xFB5a2C4s/oHStlPAqns0MOq,3
Mollie,Presshaugh,mpresshaugh3@eepurl.com,mpresshaugh3,$2a$04$XErihzYwqdhVD3Nl54eQvO5YCcVy5paGVUg1F1SYDjNtebV9eWTqu,4
Saudra,Osinin,sosinin4@ustream.tv,sosinin4,$2a$04$de8cdAyg.3c8qO4QKBdxFeQzwYtOcRhFtgSpd/OLfLJQidLskE1Ba,5
Giorgia,Ebanks,gebanks5@scribd.com,gebanks5,$2a$04$yRsiwP/QuAtxwfYLeMJbLurX1pRGkSSU4ddy77m6eBejfXrMYGdoy,
Meghann,Haldane,mhaldane6@tuttocitta.it,mhaldane6,$2a$04$K.fyY/DEv.VYBPJUTjI4OulMQf6Ft8NPaEVuUzOTgHYTEAX3KzfXG,
Yorke,Humpherston,yhumpherston7@elegantthemes.com,yhumpherston7,$2a$04$bAOb9JwiCc2P1G3NLV1RVegYoeNMjGyxUaoBsplgGk4/T1e4LEEfC,
Neddie,Lowfill,nlowfill8@slideshare.net,nlowfill8,$2a$04$aCoiUMwxjugRT4OwxBCpf.mB3C0Wcj8gWLRo1LECA/j29PQSTpHoy,
Gennifer,Fust,gfust9@redcross.org,gfust9,$2a$04$xQCEOMYsYB3GPIl1mbwJQuA4d3GSgiRxlpCIxe2S7j1jsnDAAyS2q,
Emmerich,Shortcliffe,eshortcliffea@java.com,eshortcliffea,$2a$04$GtgrflaJ2Rdl0to/MBXSyeiHOnTl9V.NDV0lhgiOPR3NA0zhpvx5y,
Patricia,Westrope,pwestropeb@buzzfeed.com,pwestropeb,$2a$04$9eXVoWS1BNM4Fgw6BfPJb.Wi13lHwV5DllgKtRKU9wMS0B/DlbYLm,12
Carline,Aspell,caspellc@hibu.com,caspellc,$2a$04$cGcl39PnV3g161D6dFeWAOrSd0GiCQOWQz17afA3Pc2gzvmd6iCDy,
Hilary,Brim,hbrimd@guardian.co.uk,hbrimd,$2a$04$V8Wgf/px6lmyKkavdrGW7.lCbvlqM5N/tii8oa9J4Z2aFJTmEFBie,14
Nevins,Veelers,nveelerse@uol.com.br,nveelerse,$2a$04$dsfHLrahGLgjoVM9zdlbsu49u10HbJldQo7HJSz7ccjfJ0ici7WkG,15
Louisette,Jarmaine,ljarmainef@nytimes.com,ljarmainef,$2a$04$4RcOvSRpRagCmLxVPZIsteRewZqcPVyLbqE36lRzJ8BnFiUB3i50O,16
Jonas,Shuard,jshuardg@msn.com,jshuardg,$2a$04$R/7gpWvqLVJdXwmQtVy.AOlidkkKpgDadRUyK8YNjmFjQP93oOF/e,17
Gualterio,McCollum,gmccollumh@51.la,gmccollumh,$2a$04$Aom/8.dTFQMLyqZdx1BRGOBfscBRhbn9SvhgE50qVv4xeRqwWWub.,
Wood,Peacher,wpeacheri@jugem.jp,wpeacheri,$2a$04$bu6mZd5LP/VradnOWcCD2uoUpSPGi4dmWkm.FSDuSIvud/vzhbH8m,19
Karel,McMeanma,kmcmeanmaj@squidoo.com,kmcmeanmaj,$2a$04$ch9BPwHriB9IB4bTdzM5PeQpviwzqtK7O9qe91R/P22s0GiTChmUq,20
George,Polding,gpoldingk@trellian.com,gpoldingk,$2a$04$B0U1zrRWf3zrSTf3dktFHuOrtZ/ZpruDrfhCeeX8J6QBkRMhJ.kn2,
Viole,Russell,vrusselll@woothemes.com,vrusselll,$2a$04$MY4z1awitKTeExnk379s3u7sHZemARbsx4xvIirLvTAxVEeRAyAVq,22
Bertha,Sandeland,bsandelandm@themeforest.net,bsandelandm,$2a$04$QBLWqGUDa6vTPlGOe.zo6e9f04TDCFf0BXkJvW9lz8PQRNVeB09R2,
Roman,Forbear,rforbearn@hexun.com,rforbearn,$2a$04$cnHFeFx3KysWMVc1lNDnc.7UW6LFWiwK.u2wnglFdRooBhvxx.GSO,
Gill,Keates,gkeateso@webnode.com,gkeateso,$2a$04$E7T7mHHPs9CLQHZSO7O3d.Tw1DDu2lRYr83rs194tYn7RUouM48xu,25
Domenico,Gullivent,dgulliventp@t-online.de,dgulliventp,$2a$04$SOFB5I0wXYzAzUUQ8vWE9OG0PGigUV3T.c9WgPEMZf.sroADFDRxq,26
Rube,Newarte,rnewarteq@sakura.ne.jp,rnewarteq,$2a$04$sa6ABvE3CAP6doidTLPJpuPklsQlHCBtt2u3A8WanyIikMCBTPKgK,27
Grannie,Cutford,gcutfordr@msu.edu,gcutfordr,$2a$04$wLNwH0Mtf9fsXmiSeKpUEezYUh0ZWbipFahmuSPkLxcVnSEkRnjpG,28
Keefe,Pottell,kpottells@hubpages.com,kpottells,$2a$04$CwfKNib5n2HW/1BjF.1ZCui/0xqm/o4nbnACKCznuYG.0gsMsezhq,29
Maje,McNish,mmcnisht@abc.net.au,mmcnisht,$2a$04$o//mYFtdUwQAFk3piaPV3evL2JfxZkU9bB1NxB0kXFTDXvaJRCXGS,
Cos,Farrington,cfarringtonu@a8.net,cfarringtonu,$2a$04$ZduRUeW.zbQ6l5fTSvLNKOFPNUJozZUjcnMqGJ6ag5blEyesSehk.,
Aidan,Housen,ahousenv@google.de,ahousenv,$2a$04$RaXNwFKqrMdnzeTuqc4CFenQP5TWJwGlYmpBA7pk2WFNZJS3x3QKy,32
Erin,Slingsby,eslingsbyw@domainmarket.com,eslingsbyw,$2a$04$LVJQbsLIkb2LVtIlBVSIKOJOE4VrzPE3CiEZLl3dc4om6mMVHAjLe,33
Cecile,Doumerque,cdoumerquex@army.mil,cdoumerquex,$2a$04$/WeyNMhCr30yBZAKiwMeleek3Fr8X8QIywQZWHLq5Q1Xp7rW/JKKu,
Edwin,Perl,eperly@reverbnation.com,eperly,$2a$04$2Kxlmir96/lqas/fEZUZ7uzhXa2jpPLIZy5KnTLZNwJ.lJZnTFDN6,35
Lisle,Drillot,ldrillotz@aol.com,ldrillotz,$2a$04$6sRzFKLQULd6yz/oBGh3X.rAZJ01jDKf0348YKB4uPk2dfOFQ4uU.,
Willamina,Eykelbosch,weykelbosch10@ucoz.ru,weykelbosch10,$2a$04$KalsdWj9d3jpRo64Aasiv.NoAa7aKmWHzZjiBpTlGqxkiaN2/3vr6,37
Loraine,Girardy,lgirardy11@geocities.com,lgirardy11,$2a$04$K4U978r99gvcHYbY1WTDFe2MG.17cCFg8fKEgUNDuZV9Q1QV6y8XS,38
Merline,Slevin,mslevin12@craigslist.org,mslevin12,$2a$04$7h9K4XhB5aSXLMmaC6fvu.EpK50G9NyYJ2PRLjcs/YteLph0MW2t.,39
Carlen,Barkes,cbarkes13@constantcontact.com,cbarkes13,$2a$04$dQNgAbnehRIN.9II8ZW87.li3opWfXI5HzI.NkTfwpd4xhMb4E9zG,40
Valery,Shapira,vshapira14@europa.eu,vshapira14,$2a$04$eqChAQK.PwcatsuNDMJhAOC5v2RUrFPqWgDxoLz.xgzFIZqECXBNa,
Micheline,Mattiazzi,mmattiazzi15@state.tx.us,mmattiazzi15,$2a$04$73239rFzjscqRQDDU4h8qeBlzOFclvk8Xb5fKcY1slVgvdK7IlEtS,42
Andie,Ballantyne,aballantyne16@cbc.ca,aballantyne16,$2a$04$kHcmZ6QW1mZhNJdbeqwfp.kroMIcIBny.ErzGpU4LuOBpLMDhs7jy,
Reube,Nassey,rnassey17@canalblog.com,rnassey17,$2a$04$HVDuc.rcDZhvbxn26aLXvO8Dad3YCrZ2hAzBiy4qe0WomPQ8thsMq,44
Cacilie,Linstead,clinstead18@edublogs.org,clinstead18,$2a$04$SUVGYjbeS8uOMc2JeDy8R.WZH8cPMoQZ97J5MkJfIh8/mvgfT0IxG,45
Larissa,Roan,lroan19@networkadvertising.org,lroan19,$2a$04$Nc/1aFhTVLYbJCnwFmHhcuoqbwkcKw6r3A10LIQH8cEx2WK/VkdIi,46
Analise,Raulston,araulston1a@163.com,araulston1a,$2a$04$obrj1kBbCNDJMHPkCkBuxus/jVzwS2pmLPPf6oIlGtqFaJaIHOeI2,47
Wyn,Prettyjohn,wprettyjohn1b@friendfeed.com,wprettyjohn1b,$2a$04$H7kB/XRyGqgEYSJR9/T.QO7UoUHpVykKd1Sxz5eNn5Fn6nX6JoU.2,
Christoper,Sellers,csellers1c@goo.ne.jp,csellers1c,$2a$04$G6QqEsmwACc1Dit.bfhUWuuLOR0KVTKst93ibtVUaOv/eMtVPv2f2,49
Nicolette,Pardy,npardy1d@buzzfeed.com,npardy1d,$2a$04$96ulVTD8hdtdjMSsIDY9A.Zi2ug1eHwD7Ips/4L5D8HFlpu9.jGNW,50
Filippa,Gennings,fgennings1e@paginegialle.it,fgennings1e,$2a$04$vdVg0PjyPR7O0f7CaS65ieeoYChOUn2JvHNfBZpsFAa8MreDZc2VG,
Sonnie,Tunsley,stunsley1f@mtv.com,stunsley1f,$2a$04$LXVrignLedTiTR/oY68NmuTOBTvMeQ/naYaYtq2xSpsLklbVePeNO,52
Betteanne,Borrow,bborrow1g@ucoz.ru,bborrow1g,$2a$04$WUXdTZ.bvBjgt1hnFO.T6uwe5IVFF4lTEPL.ycloARsC9yotsLmbq,53
Marga,Greaves,mgreaves1h@people.com.cn,mgreaves1h,$2a$04$8jN7HO1oSbBKIWzdwHG3J.EOuC2aOgKAdwHSTbeno8BiEbaglD7Wm,
Eleen,Lanaway,elanaway1i@weibo.com,elanaway1i,$2a$04$I4B5NDmZ.9FSMcJ43ArhDui89l8YelE4aBJ6FilTLbHOaaFrVok7u,55
Jorrie,Grannell,jgrannell1j@usnews.com,jgrannell1j,$2a$04$lJIm2r8eTIcw9WgTaKyhFezAMNBAzCF0RDk6MX4q6crVPnum5olgS,
Nettie,Blacktin,nblacktin1k@howstuffworks.com,nblacktin1k,$2a$04$mn9dFzqCbcQ6uDqRHUqmZeYA/kU7NCf8Dz.PrORhLHemsbCr8HOru,57
Base,Coleiro,bcoleiro1l@businessinsider.com,bcoleiro1l,$2a$04$hXYsgatd2VxyFdNIsrmJceugLn6wQf5MZGtAM9xp2f34OcLaAw6XW,58
Haley,Bruckstein,hbruckstein1m@linkedin.com,hbruckstein1m,$2a$04$M8A6DK.7s3YiF6daCX0pSOXf5fK1cpvAGP1Xsw02XsfedeurTNl/O,59
Adair,Rippingall,arippingall1n@themeforest.net,arippingall1n,$2a$04$9aR4IB0goBjQd4KcVZQgnunDn6NP5qudlzE/Cmx.tElVKJjXg6DoS,60
Jens,Steade,jsteade1o@prlog.org,jsteade1o,$2a$04$cpylK59WNqaTZoGkDykS/OVu/fWOWzbo9qkDzncPlNYPmCeBEu982,61
Merle,Tander,mtander1p@weebly.com,mtander1p,$2a$04$NWW4W0HfGKS/o322lBiJH.UgAqdZKLpqGCn/iopu6KrARAQLqVI22,
Spike,Doore,sdoore1q@independent.co.uk,sdoore1q,$2a$04$XGJNLUidTlY8Zgz8anj33eHKxFdTLpx/10cAs33OSHkzSckKj6Q7W,63
Creight,Gobell,cgobell1r@apple.com,cgobell1r,$2a$04$vDb82XBXaoh9ne4/4q1q7eCRBSI7qrO2eh.1K5BBBUuBDFkk.iv0m,64
Carrissa,Norkutt,cnorkutt1s@china.com.cn,cnorkutt1s,$2a$04$vQXlwnh8bc1H.eFkjBAFkedAjsyzVgJtmyETNC3gguqIjZEFaUsZi,65
Peta,Kasher,pkasher1t@deviantart.com,pkasher1t,$2a$04$KnsHrA8llCtZutJTzE/wWeUFqE3kDRugDiYQ8SdIoRa5TKYMq/wCG,66
Keri,Sincock,ksincock1u@51.la,ksincock1u,$2a$04$Qqj5Hc4VuNy/q8RCDlAw7.Vtis/et7ndzRE2LiDdzI7drjkzYb.Ba,67
Tonye,Sowersby,tsowersby1v@t-online.de,tsowersby1v,$2a$04$mKnWzD5eRrhdibEN.Y2Ukuf6/c5TkbA0dLlffBh6JJebeTftqFlZy,68
Josephine,Labbati,jlabbati1w@loc.gov,jlabbati1w,$2a$04$ssP2BGxp9LHmefnudOtT6.grGx6UwYYuX.uzeg/tsHG1iaAk2focC,69
Suzann,Licciardiello,slicciardiello1x@pagesperso-orange.fr,slicciardiello1x,$2a$04$DZs/7vVz1YlE1Lv/peN4DOC9uFfXFGQDCHoTsP.FnCgIrLocrJYx2,70
Alaster,Duffield,aduffield1y@biblegateway.com,aduffield1y,$2a$04$5f4msRNSS/kYzpiTjww7reXD8hmNpZ7mbOYjtdDiX9FZEsbMdDF7S,71
Neale,Popplewell,npopplewell1z@berkeley.edu,npopplewell1z,$2a$04$JmlCznjLfHqPaqFbQ6SrCeOGKsujVRVyUZhdRwK/Qn1Oa.jQDUlgS,72
Sonny,Couche,scouche20@ustream.tv,scouche20,$2a$04$2AYcHXaFGYnAaD8F6aak2ubDgsGaWm7ErrfgwJhgUNxRhYkhaLLAe,
Jone,Petric,jpetric21@jalbum.net,jpetric21,$2a$04$xjfQeThcXZ/4ITDf/YkDbuLEV0YF4L1AOI2BB/iOXKceq/cgWwUJK,74
Klement,Jaffra,kjaffra22@mapy.cz,kjaffra22,$2a$04$wL9RpGmb/wb6zcrsEdO.Auo43N/LEev7q4FkBTqR4X9gyfOyYuAt6,75
Husain,Dimbylow,hdimbylow23@sakura.ne.jp,hdimbylow23,$2a$04$EcukAd748trEfgIR4tNDWOYkyeS.TyGl/OZHBsugLsR8/tezQcsOG,
Giacomo,Bisley,gbisley24@uiuc.edu,gbisley24,$2a$04$wzyz2cWRtmK.QvydYt1FxOfWgS5ijf1h8GGKgxyDEF8cmCwrSy1k.,77
Raven,Hurlin,rhurlin25@lycos.com,rhurlin25,$2a$04$opGSeyyv4Hyr.EdCN79.He4q/.tXq/iKz65uUFzbqyvIKA2Ve672G,78
Suzette,Mellows,smellows26@studiopress.com,smellows26,$2a$04$vfKbK.KF8vhzSDLosefJVeQF2pX1/zNWuJYbW4Jx71lfbLJVz9dZe,
Lela,Prescote,lprescote27@ox.ac.uk,lprescote27,$2a$04$6OGwIa7en0tfvQWhSXgdz.pRm22r0b9tbilMEemHYWK95X/2YMp/m,80
Fabe,Boshere,fboshere28@census.gov,fboshere28,$2a$04$YGORCdTwGW7BPSa.zoXnGu.dFHY80HxhMB5iHSx6q5X8ai2yHTNBO,
Manuel,Rumke,mrumke29@abc.net.au,mrumke29,$2a$04$3hph6VmRFuR4V5YUriDonuJb/YcsEFXjI0AZmy.DjG2WpMaUCW1la,
Athene,Raison,araison2a@xinhuanet.com,araison2a,$2a$04$wre3A5JzhVweCf/sJqXiOeeDDVPHHaKqQnZdBIEM13tJidhyMjViC,83
Tymon,Oiseau,toiseau2b@marriott.com,toiseau2b,$2a$04$YfV22qZaS1tJBN6jJ0z5iuN6NhEtXxORJWOj0LV9kDUtD3./7hFTK,84
Freddy,Waddicor,fwaddicor2c@cmu.edu,fwaddicor2c,$2a$04$JKIQwYJm9Sqe2YMdZjwqBeeDLsSCyPj/X2JlORIxv5x8Qa82ANq3G,85
Giana,Sayers,gsayers2d@nasa.gov,gsayers2d,$2a$04$rkDbxukEnqldV27ziIIpme23yHwVeketYvkXgiwF0s5H2fls4frIm,86
Stevy,Aggiss,saggiss2e@jiathis.com,saggiss2e,$2a$04$RwF.0sLrQ3Yxva2wNNV99.RhyRAARb2nkIHzEYKcxS3Ut7ZG7bVW2,
Jelene,Kissack,jkissack2f@baidu.com,jkissack2f,$2a$04$leqx3hd3huc40bTsEx1LCO.EeiDKWtRy7hejN.YJKCG5q.Jb3haNm,88
Vanya,Simao,vsimao2g@alibaba.com,vsimao2g,$2a$04$B/bG9nqxws1BprlI71ur7OXTn.49dQq4ihdJhflJvMSkeKMzUtZNq,89
Kele,Bendtsen,kbendtsen2h@yellowpages.com,kbendtsen2h,$2a$04$5MJUgGcSKMwYlZTegcCYC.ef48SEPfOVmxgmZPbPYeOMKU3gDXrCy,
Foss,Muscat,fmuscat2i@accuweather.com,fmuscat2i,$2a$04$veEECIjR/VmU0GdoRzY27uZx9kCHeAs68p77WJUS2EpZ/iXJdBEz2,91
Kayla,Hugonet,khugonet2j@51.la,khugonet2j,$2a$04$SZHfOn3ioMTbuHFzuu20UegX5I7jK8TuwSR/OhQVYMfrcy3TKM5eK,92
Murry,Drinkale,mdrinkale2k@toplist.cz,mdrinkale2k,$2a$04$AENOHBOtBZLI/8exh.aH6u7GD4UA/5Z9cJr4/M4eVyaiq0/t/UJDy,
Glenn,Povele,gpovele2l@arizona.edu,gpovele2l,$2a$04$tZ7PV30dAJBw3iRwt5USy.rHXtYSLAbo8tCR7x/uqeD3YHdWkXrli,
Eddy,Smithen,esmithen2m@newsvine.com,esmithen2m,$2a$04$dbjujIIF0J0pEQv.tdAVU.gJGfYMIIUDz8um1.SEgq9O65Heg33QO,95
Aldo,Parrett,aparrett2n@msn.com,aparrett2n,$2a$04$RUcBixna3o9uTfq2ByIKq.vJxw81QmzlJHzEY0nirppbDZLbcaYq6,
Heall,Bruton,hbruton2o@vinaora.com,hbruton2o,$2a$04$aj2GPTxlmnpiY0Pihl25tuZbkaMMN0cfZ4ZEItcTvcWlzPCt8WFWK,
Jordan,Boness,jboness2p@weather.com,jboness2p,$2a$04$NKxRB9yb6YNpaGRXSuz4ueewbtryyO1qCRiqA36XE6xneFZ7ygrba,
Mitchael,Gooderridge,mgooderridge2q@ycombinator.com,mgooderridge2q,$2a$04$0ceumzkxshl3MV0y9l7TGujmTiEOUNf/V7cB3NYiolHHW0Y3UE5N6,99
Stephen,Kelston,skelston2r@t.co,skelston2r,$2a$04$uCjSxyO0aKRfQk4DR.Hyq.GaUfxlLIrs9VnL1GhDhXLLKL3OKzE0W,
